{"initial_reset_timestamp": 1557432438.126965, "timestamps": [1557432462.680032], "episode_lengths": [1000], "episode_rewards": [356.31016233459513], "episode_types": ["t"]}