{"initial_reset_timestamp": 1557347793.59152, "timestamps": [1557347836.896982], "episode_lengths": [999], "episode_rewards": [-99.8999999999986], "episode_types": ["t"]}