{"initial_reset_timestamp": 1555301719.071928, "timestamps": [1555301758.5704708], "episode_lengths": [999], "episode_rewards": [-84.54632997720837], "episode_types": ["t"]}