{"initial_reset_timestamp": 1557367070.009355, "timestamps": [1557367095.552727], "episode_lengths": [1000], "episode_rewards": [15.808555859510353], "episode_types": ["t"]}