{"initial_reset_timestamp": 1557364186.044679, "timestamps": [1557364211.440979], "episode_lengths": [1000], "episode_rewards": [-1.1996436574281342], "episode_types": ["t"]}