{"initial_reset_timestamp": 1557343876.591939, "timestamps": [1557343901.769634], "episode_lengths": [1000], "episode_rewards": [20.046709650781725], "episode_types": ["t"]}