{"initial_reset_timestamp": 1557071943.7345111, "timestamps": [1557071945.211863], "episode_lengths": [13], "episode_rewards": [13.0], "episode_types": ["t"]}