{"initial_reset_timestamp": 1557343063.060153, "timestamps": [1557343088.4443688], "episode_lengths": [1000], "episode_rewards": [14.870928684081303], "episode_types": ["t"]}