{"initial_reset_timestamp": 1555302245.23357, "timestamps": [1555302282.4566798], "episode_lengths": [999], "episode_rewards": [-6.712061819740792], "episode_types": ["t"]}