{"initial_reset_timestamp": 1557355403.889287, "timestamps": [1557355405.286363], "episode_lengths": [10], "episode_rewards": [10.0], "episode_types": ["t"]}