{"initial_reset_timestamp": 1557431800.6521091, "timestamps": [1557431825.7236748], "episode_lengths": [1000], "episode_rewards": [342.80777917725663], "episode_types": ["t"]}