{"initial_reset_timestamp": 1557072305.206122, "timestamps": [1557072306.7616441], "episode_lengths": [15], "episode_rewards": [15.0], "episode_types": ["t"]}