{"initial_reset_timestamp": 1557342277.5037801, "timestamps": [1557342302.9639628], "episode_lengths": [1000], "episode_rewards": [-10.76893473303823], "episode_types": ["t"]}