{"initial_reset_timestamp": 1557348171.7190242, "timestamps": [1557348216.466472], "episode_lengths": [999], "episode_rewards": [-99.59031225594747], "episode_types": ["t"]}