{"initial_reset_timestamp": 1557071437.648801, "timestamps": [1557071439.3371441], "episode_lengths": [12], "episode_rewards": [12.0], "episode_types": ["t"]}