{"initial_reset_timestamp": 1557341537.297493, "timestamps": [1557341563.1864178], "episode_lengths": [1000], "episode_rewards": [-12.60520783755248], "episode_types": ["t"]}