{"initial_reset_timestamp": 1555302402.0264268, "timestamps": [1555302422.32245], "episode_lengths": [517], "episode_rewards": [98.64452863978752], "episode_types": ["t"]}