{"initial_reset_timestamp": 1557072689.298642, "timestamps": [1557072690.675203], "episode_lengths": [10], "episode_rewards": [10.0], "episode_types": ["t"]}