{"initial_reset_timestamp": 1557340833.286171, "timestamps": [1557340859.717033], "episode_lengths": [1000], "episode_rewards": [-18.641102443820056], "episode_types": ["t"]}