{"initial_reset_timestamp": 1557361431.972457, "timestamps": [1557361432.824237], "episode_lengths": [10], "episode_rewards": [10.0], "episode_types": ["t"]}