{"initial_reset_timestamp": 1557075156.929661, "timestamps": [1557075161.8729742], "episode_lengths": [113], "episode_rewards": [113.0], "episode_types": ["t"]}