{"initial_reset_timestamp": 1557366326.508023, "timestamps": [1557366351.744689], "episode_lengths": [1000], "episode_rewards": [-18.1767215128495], "episode_types": ["t"]}