{"initial_reset_timestamp": 1555302675.247319, "timestamps": [1555302711.834625], "episode_lengths": [999], "episode_rewards": [-0.003515125645665862], "episode_types": ["t"]}