{"initial_reset_timestamp": 1557365592.0561652, "timestamps": [1557365617.471754], "episode_lengths": [1000], "episode_rewards": [13.616449348040119], "episode_types": ["t"]}