{"initial_reset_timestamp": 1557347461.796253, "timestamps": [1557347502.616501], "episode_lengths": [999], "episode_rewards": [-99.8999999880191], "episode_types": ["t"]}