{"initial_reset_timestamp": 1555302532.172514, "timestamps": [1555302552.015488], "episode_lengths": [484], "episode_rewards": [98.90814767183393], "episode_types": ["t"]}