{"initial_reset_timestamp": 1555301879.255774, "timestamps": [1555301916.7681742], "episode_lengths": [999], "episode_rewards": [-0.006376043671446374], "episode_types": ["t"]}