{"initial_reset_timestamp": 1557361021.7945092, "timestamps": [1557361022.6732721], "episode_lengths": [10], "episode_rewards": [10.0], "episode_types": ["t"]}