{"initial_reset_timestamp": 1557364882.8093922, "timestamps": [1557364908.176657], "episode_lengths": [1000], "episode_rewards": [-7.595552930414698], "episode_types": ["t"]}