{"initial_reset_timestamp": 1557348571.549875, "timestamps": [1557348614.678703], "episode_lengths": [999], "episode_rewards": [-99.89999366225882], "episode_types": ["t"]}