{"avg_fit": [34.25, 42.8125, 72.90625, 110.03125, 105.09375, 152.328125, 196.109375, 184.515625, 283.703125, 277.4375, 331.25, 368.609375, 385.0, 401.796875, 456.8125, 428.59375, 404.390625, 492.28125, 492.34375, 496.0625, 494.578125, 500.0, 496.40625, 500.0, 500.0, 497.046875, 500.0, 498.21875, 500.0], "iteration": [1, 2, 3, 4, 5, 6, 7, 8, 9, 10, 11, 12, 13, 14, 15, 16, 17, 18, 19, 20, 21, 22, 23, 24, 25, 26, 27, 28, 29], "param": [[-0.3065903906912665, 0.2832962176577624, -0.07903235673597664, -0.18353247934328099, 1.1984320578123369, 1.4845650126027894, -2.330222555984206, 0.589334414357439, -0.9554341176113882, -0.7907432696654714], [-0.06762342922375475, -0.19558212404331504, -0.6678280716762106, -0.29668139214030154, 0.45746646986621076, 1.8800829069721587, -2.8558062816474594, 1.0476276717067847, -1.121019269902841, -1.02115042681602], [-0.36770057540989703, -0.43448418503590625, -1.835793164926782, 0.23082183556467228, -0.5062751290502774, 2.6874784200091733, -3.5069688274036355, 1.425552514882403, -0.29258706625694053, -0.18179553025700934], [-0.8219260749317708, -0.7835264595599937, -2.074102087268473, 0.5929986626225513, -2.229236697553173, 3.915204800888467, -4.647271830791634, 1.3036769853739416, 0.7331484178068375, 0.6341764997572175], [-0.0766132616834907, 0.45115513871801893, -2.589210744679618, 1.1139865425103919, -2.718676871143946, 5.5531371803907605, -6.232773244208988, 1.3602317265179698, 0.2343765384781129, 0.18085802246971927], [-0.06891785653913515, -0.8870804320032554, -3.1588095025892597, 1.5618289952623559, -3.7408651077974664, 6.964315111651167, -8.193572289363662, 1.9274593278921612, 0.39966209217456405, 0.13621418620535772], [-0.6337592802195506, 0.06001798693902238, -3.4914523700119298, 3.1734177766669127, -4.7751919250515815, 8.462380875834214, -8.921127418883815, 2.3052793156065245, -0.521452775050893, -0.4981485352238195], [-0.6098155830463085, 0.5801687988838701, -3.9709034689252687, 3.963267992870133, -5.144931612963649, 11.40920824522325, -11.540467919887575, 1.4928071187937153, 0.26694141866080634, -0.38183369862846694], [-3.3319626871765395, 0.2606222377183735, -5.527438826755339, 2.8998251478164954, -7.715299413390059, 15.466392166186639, -11.841850227461725, 3.0370578703570996, -0.25457593041816096, 0.14781996803613806], [-4.562885182968196, -0.9504231482778993, -9.07833581317415, 2.7767644886665, -10.810669162977042, 18.860459564044962, -15.08130883032019, 2.881783844181906, -1.125295133144114, -0.7724190179390007], [-6.077752829157529, -1.657191651008989, -8.26060063572727, 3.848053036184322, -13.660252846768694, 19.836998396864267, -17.126390798712308, 1.9503025035795767, -0.9311493518637792, -0.1446152852714837], [-9.377355025404295, -1.751828084871362, -9.735379310493764, 3.6140224500496414, -15.418314668683907, 23.952440713145528, -17.15913386952334, 3.209499380098385, -3.3698361707069395, -2.092952256299477], [-11.63626049044444, -2.9033930704409516, -10.69439893465562, 5.568771901082816, -17.76164899372137, 26.173662915732574, -20.574616678854696, 2.262942936482873, -5.666421582366889, -3.890678549401131], [-12.38993889977911, -3.1085074810103768, -12.054473205161859, 4.528574001938579, -20.579286413817194, 27.731518998318464, -21.29393439957001, 2.361113848877433, -3.6737302863960366, -3.0693159217460937], [-12.386459379966734, -1.5372649011604935, -13.133045879330032, 3.2496071785777834, -25.357878701047508, 30.920645335191075, -22.590562630692304, 1.485647960111918, -2.849408211026248, -1.3920034871726363], [-12.835145544762971, -1.4462707714071175, -13.877215622472056, 3.361162128429292, -22.88327404299501, 32.61975738337706, -22.197508620657448, 2.4208137077869853, -5.271677220857218, -2.3383132024395783], [-12.265742977268221, -2.287960761975936, -13.949277196440587, 3.0402042081350706, -22.60483440133947, 31.161672578232473, -22.097032532756092, 1.4741465022975475, -7.117400375064933, -4.513885060482937], [-14.907025941778658, -3.423722380377895, -16.51341499912742, 1.2978591596645752, -25.01387352472359, 34.987132955849766, -22.15154006070672, 2.592775175499541, -6.349549340589268, -2.6124622295437856], [-13.905557414994899, -3.5865908319172055, -17.317829442748913, 0.653943006121426, -22.525117543282757, 33.706864552519505, -20.651362055704233, 3.9644222248397654, -7.17770340833116, -3.4890715163319577], [-15.473040026935596, -4.567472299333438, -20.598921030602476, -1.0882938876868293, -26.133541094975943, 36.615222670878126, -21.814157023695817, 4.346566254213214, -6.379513848663525, -1.2855184063022254], [-16.072775621553404, -4.914592299183484, -17.734770339516498, -0.7109801885745257, -26.27158459549842, 37.29455832251386, -20.311165849512527, 3.430539531076163, -5.0924507515692445, -0.9278408738085073], [-16.00522674682726, -5.776290990210905, -20.730331995817178, 0.1630457747690629, -26.563408226069, 37.68675269730564, -24.54152510125879, 3.4699702792524656, -6.085334529376486, -1.3037316187478702], [-14.888339888898228, -3.951109760053066, -19.312646658280322, 1.5729644468678092, -25.937194021844725, 37.80816804393053, -25.193816171574678, 2.1072329001176247, -4.995514078760974, -1.0312559844169202], [-13.979987455366281, -3.451314020324882, -20.834375207972386, 1.9920381590046508, -27.26172037466587, 36.93907660466344, -26.89725198129144, 0.8409267752391827, -4.389244993960485, -0.5756652178298352], [-14.714982700148056, -4.37307793466363, -22.867574897201234, 0.30664989978275203, -28.580273674910522, 36.73632835907883, -25.11142596997677, 3.492592813243446, -3.150793784631983, 0.7192498663235143], [-14.078603686797761, -5.307608522556406, -23.295000076660322, 0.25783681817048626, -26.036111120886048, 35.04530781375057, -23.66517664551493, 5.3811330002010695, -3.445706838471396, 0.5486469917718892], [-13.603012510956653, -4.963007817245292, -23.366729778144844, -0.05980012995160905, -26.66923281726662, 32.58775487994485, -24.06969952903424, 4.3227645761160405, -3.915907271755664, 0.583753132144574], [-14.028259450972453, -6.054597043455689, -23.18109915587694, -0.9007625862092907, -23.987790566407128, 32.8591409674722, -22.02198448536595, 5.058420705868653, -5.963063028659676, -0.8666430717736969], [-12.882865834793545, -5.004710733771695, -20.48978204556162, 0.26562452733177366, -22.92554627837942, 32.23950226864966, -22.156800044157638, 3.0877105081050877, -6.939726058898693, -2.367950225024366]]}