{"param": [[-12.478165909172636, 7.958997236184354, 6.158559405433995, -4.678086221431105, 0.39688336011938846, -3.7356630709221195, -19.76580185116167, -9.139779689138601, -8.337891058011333], [-18.896836278376153, 12.056708529691164, 13.725465946967642, -9.571259524052714, 3.7832490518934234, -8.275047920512753, -32.00750364529372, -13.665193108130307, -13.983504572528918], [-30.491656232837627, 19.58836727982332, 26.35218155820236, -17.901215690605362, 7.651708283179154, -15.213255485171247, -54.94451504326324, -20.46084062336482, -23.89222076563091], [-49.217642249743484, 32.27569338556832, 48.351659984998435, -33.50710399817233, 12.7691244859314, -28.67156450063038, -95.97768925234774, -32.919970964241074, -42.07745154132792], [-83.97627723971988, 56.23826656846246, 89.7527635084696, -61.73456178383405, 23.262391059394282, -52.92587254038872, -170.36452341461657, -55.32226619352218, -74.43616620080141], [-148.13302143680613, 101.18545095876107, 166.50100667818168, -115.14093020536636, 41.861718806195924, -98.27523963689441, -308.72328962120605, -96.18924662578544, -133.61299188806484], [-265.6852188935909, 183.24445105491304, 309.53515691025063, -216.25214403336884, 77.13814150901237, -183.96297923874022, -567.1430649483241, -171.88411644828247, -244.94482273418345]], "avg_fit": [-79.56429661990569, -96.49871863695523, -99.89999999792983, -99.8999999999986, -99.8999999999986, -99.8999999999986, -99.8999999999986], "iteration": [1, 2, 3, 4, 5, 6, 7]}