{"param": [[0.2460338423237153, 0.8423363381942407, 0.771528931117197, 2.446112164336636, -0.3272012067288048, 0.5700704216598536, 0.45882956355344023, 0.7862013100331461, 0.2578748781673961, -0.2113717657966106, -1.7986052038800127, 0.24438039027163713, 0.774712962334844, 1.519668023031987, -0.030976663328098925, 1.823033449975113, 0.01136884689592018, 0.2005934925912738, -1.71702589895953, -0.28869342836349937, 0.36564799494097616, -1.0809912878565908, -0.32003469986218813, -0.7962469266085885, -0.7813189315745971, 0.8476701511735145, 0.3983032763963152, -1.7941489616311401, 0.6320198678632558, -0.40567912644687565, 1.1281480859525082, -0.5161226201944432, -0.587719399817159, 1.1109458655110642, -0.909480706258959, 1.2681143241859716, -1.1766411048861185], [0.15785189937824226, 0.8623279405328403, 0.7982115763326969, 2.5166896205604012, -0.3213257974221768, 0.5577811588154831, 0.38222133157196664, 0.7162723709778671, 0.31123481860148516, -0.1825748868916126, -1.7494771136178144, 0.21916432864065175, 0.7618901798145645, 1.56206730917393, -0.07481058270604966, 1.8161004374112286, -0.07298483358474797, 0.20905215594138069, -1.7665972996141714, -0.3070449919481539, 0.40209287624423573, -1.1180946761228345, -0.25123188747847924, -0.7582744464813884, -0.7998348550801113, 0.8012146282207406, 0.3664813094713064, -1.8204337561882513, 0.6049245717651611, -0.4772504685176004, 1.1011193431787993, -0.6166548371495146, -0.5931972997428407, 1.1329681716612483, -0.9499120574276517, 1.2966387060326572, -1.2308783128316294]], "avg_fit": [-80.26441853340647, -78.08996030169477], "iteration": [1, 2]}