{"param": [[-0.0874484608799922, -8.055913141790114, -0.027094204019672108, -2.5460631903480757, 0.3272430987349087], [0.07225740971305461, -8.48574538766607, 0.1467933478144356, -2.681222471389449, 0.43014046164973435]], "iteration": [9, 10], "avg_fit": [37.52680588503299, 60.05164466934246]}