{"initial_reset_timestamp": 1557354873.678665, "timestamps": [1557354875.177938], "episode_lengths": [10], "episode_rewards": [10.0], "episode_types": ["t"]}